домен	база	ua_шлях	стать_типово	стан	нотатка
# колонки: домен · база · UA-шлях головної · стать_типово (жіноче/чоловіче/невідомо — коли картка не каже) · стан (увімкнено/вимкнено) · нотатка
# ── 46 магазинів каталогу 27.08 ──
25union.com.ua	https://25union.com.ua		невідомо	увімкнено	OpenCart; бренд, є унісекс/чоловіче
wearme.ua	https://wearme.ua		жіноче	увімкнено	Shopify
favoriteshoes.com.ua	https://favoriteshoes.com.ua		невідомо	увімкнено	взуття, є чоловіче
dolcedonna.com.ua	https://dolcedonna.com.ua		жіноче	увімкнено	OpenCart
gepur.com	https://gepur.com	/uk	жіноче	увімкнено	headless; фото сусіднього товару в лістингу — брати лише з картки (П2)
md-fashion.ua	https://md-fashion.ua		невідомо	увімкнено	мультибренд, є чоловіче; mainLoader.svg і чужі кольорові варіанти (П2)
welfare.ua	https://welfare.ua		невідомо	увімкнено	взуття/ремені, є чоловіче
cher17.com	https://cher17.com		жіноче	увімкнено	
vittorossi.ua	https://vittorossi.ua	/ua	невідомо	увімкнено	Bitrix; взуття, є чоловіче; v2 давав 0 прийнятих — перевірити мапою
diadia.ua	https://diadia.ua		жіноче	увімкнено	OpenCart; стікери sold-out у фото (П2)
vovk.com	https://vovk.com	/ua	жіноче	увімкнено	OpenCart; cart.svg замість фото (П2)
musthave.ua	https://musthave.ua	/ua	жіноче	увімкнено	
rito.ua	https://rito.ua		жіноче	увімкнено	OpenCart
vsisvoi.ua	https://vsisvoi.ua		невідомо	увімкнено	маркетплейс укр. брендів, є чоловічий розділ; колір зі слага надійніший за назву
brenda.ua	https://brenda.ua		жіноче	увімкнено	OpenCart
solmar.com.ua	https://solmar.com.ua	/ua	жіноче	увімкнено	Bitrix
k.ua	https://k.ua		невідомо	увімкнено	Woo; мультибренд, є чоловіче
onebyone.ua	https://onebyone.ua		невідомо	увімкнено	OpenCart
sarahberlin.com	https://sarahberlin.com	/uk	жіноче	увімкнено	
stolyarchuk.com.ua	https://stolyarchuk.com.ua		жіноче	увімкнено	OpenCart; колір у назві
maxa.ua	https://maxa.ua		жіноче	увімкнено	Woo; HTTP 422 на wp-json і пагінації 27.08 (П16) — перевірити мапою
miraton.ua	https://www.miraton.ua	/ua	невідомо	увімкнено	Bitrix; є чоловіче
cultboutique.com.ua	https://cultboutique.com.ua	/ua	невідомо	увімкнено	аксесуари, є чоловіче
likeangel.com.ua	https://likeangel.com.ua		жіноче	увімкнено	Woo
twice.com.ua	https://twice.com.ua		жіноче	увімкнено	PrestaShop
feelyou.com.ua	https://feelyou.com.ua		жіноче	увімкнено	Woo
honchstudio.com	https://honchstudio.com		невідомо	увімкнено	Shopify; головні убори, унісекс
tm-beart.com	https://www.tm-beart.com		жіноче	увімкнено	Woo; lazy.svg замість фото (П2)
jecomestudio.com	https://jecomestudio.com		невідомо	увімкнено	Shopify; взуття
vilni.store	https://vilni.store		жіноче	увімкнено	Хорошоп; розділи домальовуються JS — лише мапа (П11)
bella-bicchi.com	https://bella-bicchi.com		жіноче	увімкнено	Bitrix; верхній шар
morandi.ua	https://morandi.ua		жіноче	увімкнено	Woo
pitaya.ua	https://pitaya.ua		невідомо	увімкнено	Shopify; пляжне, є чоловіче
sunwin-store.com	https://www.sunwin-store.com		невідомо	увімкнено	пояси
alot.com.ua	https://alot.com.ua		жіноче	увімкнено	
emmeliedelage.com	https://emmeliedelage.com		жіноче	увімкнено	Хорошоп
fromus.ua	https://fromus.ua	/ua	жіноче	увімкнено	Хорошоп/Shopify
intimo.com.ua	https://www.intimo.com.ua	/ua	невідомо	увімкнено	
natalibolgar.com	https://natalibolgar.com	/ua	жіноче	увімкнено	Bitrix; «lang=uk бреше» (v2); 25 записів і 1 ціна у v2 — перевірити карткою
attico.ua	https://attico.ua		невідомо	увімкнено	Woo; сумки
yulashop.com.ua	https://yulashop.com.ua		жіноче	увімкнено	Хорошоп; хвіст «| YULA … фото» у назвах
giardini-shoes.com	https://giardini-shoes.com		невідомо	увімкнено	Хорошоп; взуття
otaje.com	https://otaje.com		жіноче	увімкнено	headless, REST на api.otaje.com (v2); HEX у картці; латинські імена моделей — колір не з назви; якщо картки порожні — API
provenceshop.com.ua	https://provenceshop.com.ua	/ua	жіноче	увімкнено	
ricamare.com.ua	https://ricamare.com.ua		жіноче	увімкнено	Хорошоп
sezone.ua	https://sezone.ua		невідомо	увімкнено	Хорошоп
# ── решта з 66 (у каталозі 27.08 не було або провалились) ──
devari.com.ua	https://devari.com.ua		жіноче	увімкнено	провалився 25.08 — причина не встановлена
vmma.com.ua	https://vmma.com.ua		жіноче	увімкнено	є також на vsisvoi
cooshwear.com	https://cooshwear.com		жіноче	увімкнено	провалився 25.08
andretan.ua	https://andretan.ua		жіноче	увімкнено	
yakfaino.com	https://yakfaino.com		невідомо	увімкнено	вишиванки, є чоловіче
friendsoffashion.com.ua	https://friendsoffashion.com.ua		жіноче	увімкнено	провалився 25.08
skripka.com.ua	https://skripka.com.ua		жіноче	увімкнено	Cloudflare «Just a moment» крізь проксі (П16) — з сервера перевірити ще раз
nyni.shop	https://nyni.shop	/uk	жіноче	увімкнено	Shopify; склад у картці є
natali-style.com.ua	https://natali-style.com.ua		жіноче	увімкнено	
theoriginals.com.ua	https://theoriginals.com.ua	/ua	невідомо	увімкнено	мультибренд; Cloudflare-блоки 27.08 (П16)
ager.ua	https://ager.ua		невідомо	увімкнено	є чоловіча лінія; ФІД РОСІЙСЬКИЙ (23.08, «ніколи знову») — лише картки UA, гейт П9 вирішує
virna.ua	https://virna.ua		жіноче	увімкнено	самопис; фіда нема — лише картки
maryline.ua	https://maryline.ua		жіноче	увімкнено	з v2
# ── міжнародні мережі: каталог не віддають нікому (П16, 8/8 провалились 25.08) ──
zara.com	https://www.zara.com/ua/uk/	/ua/uk	невідомо	вимкнено	партнерська мережа, потрібна реєстрація людиною
reserved.com	https://www.reserved.com/ua/uk/	/ua/uk	невідомо	вимкнено	партнерська мережа
shop.mango.com	https://shop.mango.com/ua/uk/	/ua/uk	невідомо	вимкнено	партнерська мережа
next.ua	https://www.next.ua/uk	/uk	невідомо	вимкнено	партнерська мережа
mohito.com	https://www.mohito.com/ua/uk/	/ua/uk	невідомо	вимкнено	партнерська мережа
modivo.ua	https://modivo.ua		невідомо	вимкнено	партнерська мережа
wittchen.ua	https://www.wittchen.ua		невідомо	вимкнено	партнерська мережа
answear.ua	https://answear.ua		невідомо	вимкнено	лістинг без URL речей; партнерська мережа
# ── КАНДИДАТИ НА ЧОЛОВІЧЕ (04.09.2026): домени з пам'яті, не перевірені — перший прогін скаже ──
arber.ua	https://arber.ua		чоловіче	увімкнено	кандидат: укр. чоловічий бренд (костюми, кежуал); домен не перевірено
voronin.ua	https://voronin.ua		чоловіче	увімкнено	кандидат: чоловічі костюми; домен не перевірено
staff-clothes.com	https://staff-clothes.com		унісекс	увімкнено	кандидат: унісекс streetwear; домен не перевірено
bezet.com.ua	https://bezet.com.ua		унісекс	увімкнено	кандидат: унісекс streetwear; домен не перевірено
