домен	платформа	головна_код	головна_байт	головна_заслон	головна_секунд	розділ_url	розділ_заслон	речей_на_сторінці	кандидатів_карток	пагінація	картка_url	картка_ld	картка_og	картка_ціна	картка_характеристик	картка_фото	картка_розмірів	картка_склад	назва	назва_російська	мова_html	hreflang	sitemap	products_json	wc_store	фіди	мережа_json	секунд	помилки
yakfaino.com	Weblium	200	2454711	ні	7.0	https://yakfaino.com/		40	40	/page-5	https://yakfaino.com/shop/veliki-gamanci-gamanec-meteliki-v-nochi	True	True	False	0	11	214	False	гаманець Метелики в ночі	False	uk		200/3/індекс	404/-	404/-	0	60	19.1	
giardini-shoes.com	Хорошоп	200	236819	ні	6.0	https://giardini-shoes.com/		16	41		https://giardini-shoes.com/chovnyky-zhinochi-mc-r153/11379/	False	True	True	7	86	38	False	Човники MC шкіряні сині 000401802	False	uk		200/3/індекс	404/-	404/-	0	12	23.1	
musthave.ua	Хост:cloudflare	200	805294	так	17.6	https://musthave.ua/ua/catalog/ubki	так	0	36	?page=2,?page=8+ще	https://musthave.ua/ua/product/17476-koricnevii-skiryanii-remin-z-napivkrugloyu-sribnoyu-pryazkoyu	False	False	True	4	74	245	False	Коричневий шкіряний ремінь з напівкруглою срібною пряжкою, артикул - 17476, 【MustHave ❤️】ціна - 1399 ₴	False	uk-UA	en,ru-UA,uk-UA	200/3	404/-	404/-	0	20	49.1	
andretan.ua	?	200	256408	так	14.5	https://andretan.ua/catalog/yubki	так	0	14	/page-2,/page-3,/page-4,/page-5,/page-6+ще	https://andretan.ua/products/yubka-39004p_2	True	False	True	22	18	69	True	Спідниця-39004P	False	uk	en,ru,x-default	200/2353	404/-	404/-	0	20	42.4	
jecomestudio.com	Shopify	200	319099	ні	14.3	https://jecomestudio.com/		11	14		https://jecomestudio.com/products/cowbooties_emore_black	True	True	False	4	28	539	False	Ковбойки Emore чорні	False	uk	en,uk,x-default	200/9/індекс	200/5	400/-	0	24	18.8	
favoriteshoes.com.ua	?	200	208732	ні	6.9	https://favoriteshoes.com.ua/zhinoche-vzuttia/	ні	32	40	?page=2,?page=3,?page=4,?page=5,?page=6,?page=97+ще	https://favoriteshoes.com.ua/20259-leberdes-tufl/	True	True	True	24	41	11	False	LeBERDES Туфлі 000000020259	False	uk	ru-UA,uk-UA,x-default	200/745	404/-	404/-	0	5	14.2	
attico.ua	WooCommerce,WordPress,Хост:cloudflare	200	563562	так	17.4	https://attico.ua/collection/zhinoche-vzuttia	так	24	25	/page/198,/page/2+ще	https://attico.ua/product/chereviki-meego-comf-nubuk-anato-n-kh-bl-shn-chornii-1033522	True	True	True	24	29	260	False	Черевики жіночі, ATTICO, нубук, колір чорний, 1033522	False	uk		200/3/індекс	404/-	200/5	2	20	64.2	
alot.com.ua	?	200	43614	ні	2.4	https://alot.com.ua/		12	12		https://alot.com.ua/bomber_korichneviy_z_lampasami	False	True	True	8	3	24	True	Бомбер бордо з лампасами	False	uk-UA	en,ru-RU,uk-UA,x-default	200/2142	404/-	404/-	0	0	5.5	
sunwin-store.com	WooCommerce,WordPress,Magento,Хост:cloudflare	200	282249	ні	5.2	https://www.sunwin-store.com/shop/	ні	24	47	/page/2,/page/59	https://www.sunwin-store.com/shop/dzhemper-zhinochij-napivvovnyanij-iz-gorlovinoyu-chovnik-demisezonnij-2986pd/	True	True	True	3	15	33	True	Джемпер жіночий напіввовняний із горловиною “човник” демісезонний (2986pd)	False	uk		200/12/індекс	404/-	200/5	2	3	14.9	
sarahberlin.com	OpenCart,Хост:cloudflare	200	83206	ні	4.3	https://sarahberlin.com/uk/katalog/sukny/	ні	0	24	?page=2+ще	https://sarahberlin.com/uk/kolekcziyi/vesna-summer-2026/	False	False	False							uk		200/350	200/-	200/-	0	0	27.9	картка не знайдена серед 24 кандидатів
wearme.ua	Shopify,Хост:cloudflare	200	3959285	так	23.5	https://wearme.ua/		12	117		https://wearme.ua/collections/spring-2026/products/25-25-82-15960-zhilet-korset-lion-2-15960	True	True	False	2	826	265	False	Жилет-корсет Ліон-2	False	uk		200/7/індекс	200/5	400/-	1	49	44.5	
diadia.ua	OpenCart,Хост:cloudflare	200	176629	ні	3.4	https://diadia.ua/		17	27		https://diadia.ua/futbolky-topy/top-d11972019/	True	True	True	20	27	97	True	Топ з круглим вирізом, бежевий D11972019	False	uk	en-gb,ru-ru,uk-ua	200/3/індекс	404/-	404/-	0	7	8.8	
fromus.ua	Хорошоп	200	383060	ні	3.1	https://fromus.ua/ua/		29	36		https://fromus.ua/ua/svitshot-2729-5/	False	True	True	8	29	116	True	Світшот 2729-5	False	uk	ru,uk	200/4/індекс	404/-	404/-	0	8	9.0	
morandi.ua	WooCommerce,WordPress,Хост:cloudflare	200	257363	ні	5.5	https://morandi.ua/product-category/zhinochyj-odiah/spidnytsi/	ні	0	13	/page/2,/page/3,/page/4	https://morandi.ua/product/molochna-spidnytsia-kadi/	True	False	False	20	24	192	True	Каталог	False	uk	en,uk	200/10/індекс	404/-	200/5	0	12	16.9	
theoriginals.com.ua	Хост:cloudflare	403	28815	так	22.3																en-US		403/0	403/-	403/-	0	0	24.0	розділ не відкрився
rito.ua	OpenCart	200	251505	ні	2.7	https://rito.ua/zhinki/bluzi/	ні	12	16	?limit=,?page=2+ще	https://rito.ua/trykotazhna-napivprytalena-sorochka-z-viskozy-temno-chervona	True	False	False	13	18	42	False	Трикотажна напівприталена сорочка з віскози темно-червона	False	uk	en-gb,ru-ru,uk-ua,x-default	200/508	404/-	404/-	0	0	14.1	
friendsoffashion.com.ua	Хост:cloudflare	200	147760	ні	5.0	https://friendsoffashion.com.ua/ua/shop/jeans	ні	0	9		https://friendsoffashion.com.ua/	False	False	True	0	1	64	False		False	en		200/0	200/-	200/-	0	4	11.7	
natalibolgar.com	Bitrix,Хост:cloudflare	200	704138	так	16.9	https://natalibolgar.com/ua/		18	46		https://natalibolgar.com/ua/catalog/bryuki/pryamye_bryuki_lazurnogo_tsveta-25130-mad-533.html	True	False	True	2	62	464	False	-->   <!--	False	uk	ru-UA,uk-UA	200/3/індекс	404/-	404/-	0	16	43.8	
maryline.ua	Next.js	200	765922	ні	2.2	https://maryline.ua/catalog/zhakety-i-pidzaky/zhaket-vkorochenyi-v-svitlo-siromu-kolori	ні	0	9		https://maryline.ua/	False	False	True	0	68	596	False	Maryline — інтернет-магазин жіночого одягу від українського бренду	False	uk		200/415	404/-	403/-	0	9	19.2	
vsisvoi.ua	Хост:cloudflare	200	433832	ні	13.7	https://vsisvoi.ua/		58	114	?page=8+ще	https://vsisvoi.ua/store/shorty-synii-tmp-462-14285-803956	False	False	False							uk-UA		403/0	403/-	403/-	0	2	81.7	картка не знайдена серед 114 кандидатів
md-fashion.ua	Хост:cloudflare	200	886408	ні	8.4	https://md-fashion.ua/		59	148		https://md-fashion.ua/store/zhinoche-sire-khudi-sport-terry-fz-under-armour-6011017-011-siryi	False	False	False							uk	kk-KZ,ro-MD,ru-KZ,ru-MD,ru-UA,ru-UZ,uk-UA,uz-UZ	403/0	403/-	403/-	0	13	77.0	картка не знайдена серед 148 кандидатів
onebyone.ua	OpenCart	200	309246	ні	14.7	https://onebyone.ua/kurtki-zhinochi	ні	0	19	/page-2+ще	https://onebyone.ua/zhaketi	False	False	True	0	117	104	False	Жіночі піджаки та жакети	False	ua	ru,uk,x-default	200/518	404/-	404/-	0	7	24.8	
bella-bicchi.com	Bitrix,Хост:cloudflare	200	1032804	ні	15.2	https://bella-bicchi.com/catalog/zhinochi-palto/	ні	0	34	/page-12,/page-2,/page-3,?p=167138+ще	https://bella-bicchi.com/catalog/zhinoche-palto-stella-polare-122344/	True	True	True	36	44	358	False	Жіноче класичне вовняне пальто з ґудзиками, осінь-весна Stella Polare (коричневий, 42)	False	ua	en,ro,ru,uk,x-default	200/4/індекс	404/-	404/-	0	16	30.5	
cooshwear.com	Next.js,Хост:cloudflare	200	241971	ні	3.6	https://cooshwear.com/product-category/bags	ні	9	17	+ще	https://cooshwear.com/product/coosh-tote-bag-in-leather-black	True	True	True	2	16	144	False	Сумка COOSH TOTE BAG шкіряна	False	uk	en,pl,uk,x-default	200/2103	404/-	404/-	0	60	30.6	
pitaya.ua	Shopify	200	3843929	ні	9.8	https://pitaya.ua/collections/pants	ні	0	31		https://pitaya.ua/products/philadelphia	True	True	False	0	552	945	True	Купальник Philadelphia	False	uk		200/4/індекс	200/5	400/-	0	41	20.5	
emmeliedelage.com	Хорошоп,Хост:cloudflare	200	407920	ні	5.2	https://emmeliedelage.com/		27	31	+ще	https://emmeliedelage.com/kedy-blakytni-z-kvitamy-bloom/	False	True	True	0	61	32	False	Кеди блакитні з квітами BLOOM	False	uk		200/2/індекс	404/-	404/-	0	9	11.1	
nyni.shop	Shopify	200	1442078	ні	11.0	https://nyni.shop/uk/collections/dresses	ні	0	1	+ще	https://nyni.shop/uk	False	False	False							uk	en,uk,x-default	200/9/індекс	200/5	400/-	0	60	30.3	картка не знайдена серед 1 кандидатів
tm-beart.com	WooCommerce,WordPress,Хост:cloudflare	200	310187	ні	9.6	https://www.tm-beart.com/		8	18		https://www.tm-beart.com/product/bluza-zhinocha-batyst-blakytnyj-rukava-volany/	False	False	False							uk	en,en-GB,uk	403/0	403/-	403/-	2	1	78.7	картка не знайдена серед 18 кандидатів
maxa.ua	WooCommerce,WordPress,Magento,Хост:cloudflare	200	397194	ні	4.0	https://maxa.ua/		20	20		https://maxa.ua/suknya-balon-z-merezhyvom/	False	False	True	0	13	114	True	Сукня – балон з мереживом	False	uk	ru,uk,x-default	404/0	404/-	200/5	1	8	12.3	
25union.com.ua	OpenCart,Хост:cloudflare	200	219667	ні	3.5	https://25union.com.ua/		13	81	+ще	https://25union.com.ua/collections/rodovid-collection-autumn-2026/	True	False	True	0	96	15	False	Колекція Родовід від 25 Union	False	uk	en,ru,uk	200/18/індекс	404/-	404/-	0	3	8.7	
skripka.com.ua	Хост:cloudflare	403	28703	так	22.3																en-US		404/4/індекс	403/-	403/-	0	0	24.4	розділ не відкрився
likeangel.com.ua	WooCommerce,WordPress,Хост:cloudflare	200	505214	ні	4.3	https://likeangel.com.ua/		10	82		https://likeangel.com.ua/product/sorochka-kresh-tensel-rozhevyj/	True	True	False	22	23	126	True	Сорочка креш тенсел рожевий	False	uk		200/4/індекс	200/-	200/5	2	2	12.6	
cher17.com	WordPress,Хост:cloudflare	200	720028	ні	3.9	https://cher17.com/product-category/sukni	так	0	0												uk		403/0	403/-	403/-	0	5	72.8	картка не знайдена серед 0 кандидатів
gepur.com	Next.js,Хост:cloudflare	200	154984	ні	3.9	https://gepur.com/uk/catalog/obuv	ні	0	17		https://gepur.com/uk/product/tufli-50634	True	False	True	0	31	31	False	Чорні лофери із натуральної замші	False	uk	en,ru-ua,uk-ua	200/1224	404/-	404/-	0	34	22.6	
yulashop.com.ua	Хорошоп	200	280166	ні	3.8	https://yulashop.com.ua/		16	49		https://yulashop.com.ua/zhaket-zhinochyi-dolphine-yula/	False	True	True	10	38	33	True	Жіночий жакет з вовни Dolphine	False	uk	ru,uk	200/3/індекс	404/-	404/-	0	8	11.7	
vittorossi.ua	Bitrix	200	261076	ні	6.4	https://vittorossi.ua/ua/		12	12		https://vittorossi.ua/ua/shop/h782_z515_1_bayka_chorniy.html	False	False	True	2	18	46	False	Ботильйони  VS000085556	False	uk-UA	ru-UA,uk-UA,x-default	200/5/індекс	404/-	200/-	1	10	24.4	
miraton.ua	Bitrix	200	895770	ні	5.2	https://www.miraton.ua/ua/catalog/uhod/	ні	32	38	PAGEN_1=+ще	https://www.miraton.ua/ua/catalog/uhod/_000204760/	True	False	False	2	12	314	False	Піна для чистки взуття IN Clean, 150мл (Піна для чистки взуття inclean 150мл)	False	ua	ru,uk	200/8/індекс	404/-	404/-	1	21	14.7	
sezone.ua	Хорошоп	200	198617	ні	2.6	https://sezone.ua/		16	28		https://sezone.ua/spidnytsia-do-kolina-2492-499-molochnyi-34/	False	True	True	19	78	51	False	Спідниця до коліна (2492), 499 молочний, 34	False	uk	ru,uk	200/3/індекс	404/-	404/-	0	9	9.0	
dolcedonna.com.ua	OpenCart,Хост:cloudflare	200	202752	ні	2.7	https://dolcedonna.com.ua/		35	52		https://dolcedonna.com.ua/4439-viskoznaya-cveta-elektrik-kofta-svobodnogo-kroya-s-cvetochnym-printom-i-dekorativnymi-zavyazkami-gammi/	True	True	True	24	14	42	True	Віскозна кольору електрик кофта вільного крою з принтом квітки та декоративними зав'язками Гаммі	False	ua	en-UA,ru-UA,uk-UA	200/1091	404/-	404/-	0	0	6.7	
stolyarchuk.com.ua	OpenCart,Хост:cloudflare	200	298242	ні	3.7	https://stolyarchuk.com.ua/katalog/sukni	ні	0	25	/page-2,/page-3,/page-4,/page-5,/page-6,/page-7	https://stolyarchuk.com.ua/katalog/sukni/modjel_1081_shokolad	True	False	True	12	10	23	False	Сукня №1081 шоколад	False	uk	en,uk,x-default	200/1726	404/-	404/-	0	5	22.8	
ricamare.com.ua	Хорошоп	200	246210	ні	5.4	https://ricamare.com.ua/		8	46		https://ricamare.com.ua/olimpiyka-vishivka/4078/	False	True	True	0	75	61	False	Олімпійка з вишивкою (2, S, Hibiscus red, червоний)	False	uk	ru,uk	200/3/індекс	404/-	404/-	0	12	11.4	
k.ua	WooCommerce,WordPress	200	607089	ні	6.1	https://k.ua/		39	72		https://k.ua/tovar/mmsw-bmpr-ss-or/	True	True	True	12	62	100	True	Бомбер MMSW SS оранж onesize	False	uk		200/5/індекс	404/-	404/0	2	11	21.7	
brenda.ua	OpenCart	200	78413	ні	3.1	https://brenda.ua/verhnij-odyag	ні	24	25	/page-2,/page-3	https://brenda.ua/aninadin-1160	False	False	True							uk		200/0/індекс	404/-	200/-	0	9	17.2	картка не знайдена серед 25 кандидатів
devari.com.ua	OpenCart	200	52713	ні	3.3	https://devari.com.ua/odyag/plattya/	ні	0	24	?page=2,?page=3,?page=4,?page=5,?page=6,?page=7	https://devari.com.ua/odyag/plattya/maksi-1/	False	False	True	0	78	7	False	Максі	False	UA	uk-RU,uk-UA,x-default	200/0	404/-	404/-	0	0	10.4	
twice.com.ua	PrestaShop,Хост:cloudflare	200	354470	ні	6.1	https://twice.com.ua/23-verkhnij-odyag	ні	18	30	?page=2,?page=3+ще	https://twice.com.ua/trenchi/3953-108962-trench-z-visokoyu-gorlovinoyu-uteplenij-ow006.html	True	True	True	2	364	148	False	Тренч з високою горловиною утеплений OW006	False	uk-UA		200/1/індекс	404/-	404/-	0	32	20.2	
provenceshop.com.ua	?	200	267351	так	13.7	https://provenceshop.com.ua/ua		9	33		https://provenceshop.com.ua/ua/products/zhenskij-vyazanyj-kardigan-oliviya-koritsa	True	False	True	10	73	23	True	Жіночий в'язаний кардиган Олівія кориця	False	uk	uk,x-default	200/948	404/-	404/-	0	33	29.4	
natali-style.com.ua	OpenCart,Хост:cloudflare	200	64749	ні	3.4	https://natali-style.com.ua/verhnij-odyag/	ні	22	23	?limit=+ще	https://natali-style.com.ua/index.php?route=product/product&path=1179&product_id=190	False	False	True							uk		200/0	404/-	404/-	0	0	15.2	картка не знайдена серед 23 кандидатів
cultboutique.com.ua	?	200	319136	ні	3.5	https://cultboutique.com.ua/ua/catalog/obuv	ні	24	27	/page-2,/page-27,/page-3,/page-4,/page-5,/page-6	https://cultboutique.com.ua/ua/products/000034282	False	False	False							uk	ru,uk	200/2374	404/-	404/-	1	18	18.1	картка не знайдена серед 27 кандидатів
intimo.com.ua	WordPress,Хост:cloudflare	200	1657365	ні	4.0	https://www.intimo.com.ua/ua/zhinochi-kaptsi/	так	0	0												uk	en-UA,ru-UA,uk-UA,x-default	403/0	403/-	403/-	0	2	72.7	картка не знайдена серед 0 кандидатів
kasandra.ua	Хорошоп,Хост:cloudflare	200	279303	ні	4.1	https://kasandra.ua/		16	16		https://kasandra.ua/baletky-horikhovi-z-naturalnoho-spylku-zamshi/3891/	False	True	True	0	32	19	False	Балетки горіхові з натурального спилку-замші	False	uk	en,uk	200/2/індекс	404/-	404/-	0	6	10.6	
otaje.com	WordPress,Nuxt,Хост:cloudflare	200	578396	ні	3.5	https://otaje.com/catalog/sukni/	ні	12	14	?page=2	https://otaje.com/suknya-na-bretelyah-fleur/	False	False	False							uk	en-UA,ru-UA,uk-UA,x-default	200/570	404/-	404/-	0	23	50.5	картка не знайдена серед 14 кандидатів
vilni.store	Хорошоп,Хост:cloudflare	200	394457	ні	5.1	https://vilni.store/		31	64		https://vilni.store/sale_suknia-lliana-casablanca-bezhevyi-46/	False	True	True	0	96	49	False	Сукня лляна Касабланка бежевий 46 АКЦІЯ	False	uk	en,uk	200/3/індекс	404/-	404/-	0	12	12.7	
vmma.com.ua	OpenCart	200	53456	ні	3.7	https://vmma.com.ua/jeans	ні	12	13	?limit=,?page=2	https://vmma.com.ua/dzhynsy-pryami-syni-vysoka-posadka-osin	True	True	True	3	24	26	True	Джинси прямі кольору індіго	False	ua	en,ru,uk	200/0	404/-	404/-	0	8	11.8	
vovk.com	OpenCart,Хост:cloudflare	200	164503	ні	3.6	https://vovk.com/ua/		10	22		https://vovk.com/ua/shorti-z-kostjumnoi-tkanini-molochni/	True	True	True	43	42	36	True	Молочні костюмні шорти	False	uk	en,ru-ua,uk,x-default	200/4/індекс	404/-	404/-	0	4	7.0	
honchstudio.com	Shopify	200	885581	ні	16.0	https://honchstudio.com/products/beret-jeans-paris	ні	0	9		https://honchstudio.com/products/choker-aelin-ab	False	True	False	11	21	72	False	Чокер Аеліна зі стразами в кольорі полярного сяйва	False	uk-UA		200/5/індекс	200/5	400/-	0	51	37.3	
solmar.com.ua	Bitrix	200	329635	ні	5.2	https://solmar.com.ua/ua/catalog/shtani/	ні	1	28	+ще	https://solmar.com.ua/ua/solmar-club/	False	False	True	0	4	44	False		False	ua	pl-PL,ru-UA,uk-PL,uk-UA	200/7/індекс	404/-	404/-	0	6	15.2	
welfare.ua	OpenCart	200	107805	так	13.7	https://welfare.ua/		29	30		https://welfare.ua/female-shoes/shoes/1-22128-47-341-taupe-2026-2027	True	True	True	39	14	37	False	Човники жіночі Tamaris 1-22128-47 341 TAUPE (2026-2027)	False	ua	ru,uk,x-default	200/7/індекс	404/-	200/-	0	1	30.1	
feelyou.com.ua	WooCommerce,WordPress,Хост:cloudflare	200	383808	так	16.2	https://feelyou.com.ua/shop/trench-beverli-1-05m-koloru-nebesnyj	так	0	6	?p=2686	https://feelyou.com.ua/product-category/lliana-kolektsiia-2026	False	False	True	2	28	42	False	Лляна колекція · 2026	False	uk		404/0	404/-	200/5	2	24	101.3	
