домен	платформа	url_фіду	дата	offeriv_vzyato	статус
ager.ua	OpenCart	https://ager.ua/download/prom_yml_catalog.xml	2026-08-23	0	ЗНАЙДЕНО, НЕ ВЗЯТО: >48МБ, стеля fetch
ager.ua	OpenCart	https://ager.ua/download/standart_yml_catalog_roznica.xml	2026-08-23	0	ЗНАЙДЕНО, НЕ ВЗЯТО: >48МБ
stolyarchuk.com.ua	OpenCart (web-systems.solutions)	—	2026-08-23	24	ФІДУ НЕ ЗНАЙДЕНО; знято з HTML-каталогу, обрізано 1/9 стор.
gepur.com	?	—	2026-08-23	0	пошук фіду — нуль
otaje.com	?	—	2026-08-23	0	пошук фіду — нуль
virna.ua	самопис (bonum-studio)	—	2026-08-23	0	у HTML фіда нема
vikamoda.com.ua	OpenCart	—	2026-08-23	0	YML є, але за логіном (кабінет дропшипера)
kotton.com.ua	самопис	—	2026-08-23	0	XML/CSV лінки є на сторінці, але за логіном
ager.ua	OpenCart	https://ager.ua/download/standart_yml_catalog_roznica.xml	2026-08-23	31505 (жін. 14030)	ВЗЯТО: zip від користувача; жін. підфід ager_women.xml (поля обрізані, рядки всі)
